调研标签,位置,排名,POI名称,地址,经度,纬度,小组,BDM,BD,商家ID,门店ID,品牌ID,POI ID,商圈类型,经营大类,营业状态,是否认领,是否在售,是否动销,本月GMV,线下GMV,商品数,搜索次数,颜色,高德标记链接,高德搜索链接
扫码/营销调研,南锣鼓巷-雍和宫-隆福寺,1,稻香村·北京特产·老字号糕点,鼓楼东大街144号,116.402164,39.940783,北京六区6,杨卉,张佳音,7603669892792977460,7610732647341377562,-,7360563600153151542,"热点商业区块,热门景点","核心商业区,休闲文旅区",正常营业,1,1,1,44882.84,5602.80,20,3386,blue,https://uri.amap.com/marker?position=116.402164%2C39.940783&name=%E6%89%AB%E7%A0%81%2F%E8%90%A5%E9%94%80%E8%B0%83%E7%A0%94-%E7%A8%BB%E9%A6%99%E6%9D%91%C2%B7%E5%8C%97%E4%BA%AC%E7%89%B9%E4%BA%A7%C2%B7%E8%80%81%E5%AD%97%E5%8F%B7%E7%B3%95%E7%82%B9&src=codex.poi.visit,https://www.amap.com/search?query=%E7%A8%BB%E9%A6%99%E6%9D%91%C2%B7%E5%8C%97%E4%BA%AC%E7%89%B9%E4%BA%A7%C2%B7%E8%80%81%E5%AD%97%E5%8F%B7%E7%B3%95%E7%82%B9
扫码/营销调研,南锣鼓巷-雍和宫-隆福寺,2,廣和川(北京南锣鼓巷店),交道口街道南锣鼓巷15号,116.402702,39.940289,北京六区6,杨卉,张佳音,7599503767201007670,7628816518230460451,7623983079861897250,7578371436360779818,"热点商业区块,热门景点","核心商业区,休闲文旅区",正常营业,1,1,1,15617.40,1353.40,13,2413,blue,https://uri.amap.com/marker?position=116.402702%2C39.940289&name=%E6%89%AB%E7%A0%81%2F%E8%90%A5%E9%94%80%E8%B0%83%E7%A0%94-%E5%BB%A3%E5%92%8C%E5%B7%9D%28%E5%8C%97%E4%BA%AC%E5%8D%97%E9%94%A3%E9%BC%93%E5%B7%B7%E5%BA%97%29&src=codex.poi.visit,https://www.amap.com/search?query=%E5%BB%A3%E5%92%8C%E5%B7%9D%28%E5%8C%97%E4%BA%AC%E5%8D%97%E9%94%A3%E9%BC%93%E5%B7%B7%E5%BA%97%29
扫码/营销调研,南锣鼓巷-雍和宫-隆福寺,3,烘焙町面包店(北新桥总店),东直门内大街277号1幢1层12号,116.416991,39.941673,北京六区6,杨卉,王新建,7585467456216238134,7585470805438433318,-,7495625965549127680,"热点商业区块,热门景点","核心商业区,休闲文旅区",正常营业,1,1,1,10145.40,1480.70,9,2497,blue,https://uri.amap.com/marker?position=116.416991%2C39.941673&name=%E6%89%AB%E7%A0%81%2F%E8%90%A5%E9%94%80%E8%B0%83%E7%A0%94-%E7%83%98%E7%84%99%E7%94%BA%E9%9D%A2%E5%8C%85%E5%BA%97%28%E5%8C%97%E6%96%B0%E6%A1%A5%E6%80%BB%E5%BA%97%29&src=codex.poi.visit,https://www.amap.com/search?query=%E7%83%98%E7%84%99%E7%94%BA%E9%9D%A2%E5%8C%85%E5%BA%97%28%E5%8C%97%E6%96%B0%E6%A1%A5%E6%80%BB%E5%BA%97%29
扫码/营销调研,南锣鼓巷-雍和宫-隆福寺,4,稻香村全聚德,地安门烟袋斜街41号,116.395226,39.93918,北京五区5,张嘉玉,李鹏鹏,7627372319668799542,7627379680395757602,-,7601008045140740136,"热门景点,热点商业区块","休闲文旅区,核心商业区",正常营业,1,1,1,5027.30,1412.60,15,625,blue,https://uri.amap.com/marker?position=116.395226%2C39.939180&name=%E6%89%AB%E7%A0%81%2F%E8%90%A5%E9%94%80%E8%B0%83%E7%A0%94-%E7%A8%BB%E9%A6%99%E6%9D%91%E5%85%A8%E8%81%9A%E5%BE%B7&src=codex.poi.visit,https://www.amap.com/search?query=%E7%A8%BB%E9%A6%99%E6%9D%91%E5%85%A8%E8%81%9A%E5%BE%B7
扫码/营销调研,南锣鼓巷-雍和宫-隆福寺,5,包满意,东四街道东四南大街44号,116.417683,39.923087,北京六区3,吴权,刘蕙冰,7614011558062901311,7614036034510161958,-,7591767530541156358,热点商业区块,核心商业区,正常营业,1,1,1,4580.00,1449.80,9,293,blue,https://uri.amap.com/marker?position=116.417683%2C39.923087&name=%E6%89%AB%E7%A0%81%2F%E8%90%A5%E9%94%80%E8%B0%83%E7%A0%94-%E5%8C%85%E6%BB%A1%E6%84%8F&src=codex.poi.visit,https://www.amap.com/search?query=%E5%8C%85%E6%BB%A1%E6%84%8F
扫码/营销调研,南锣鼓巷-雍和宫-隆福寺,6,Julius Meinl(隆福寺二期店),隆福寺前街1号QA108号,116.413841,39.92482,北京六区3,吴权,李守家,7588061644010342400,7588066136239933494,730237030001,7587663575414474804,热点商业区块,核心商业区,正常营业,1,1,1,3005.80,1940.40,8,191,blue,https://uri.amap.com/marker?position=116.413841%2C39.924820&name=%E6%89%AB%E7%A0%81%2F%E8%90%A5%E9%94%80%E8%B0%83%E7%A0%94-Julius+Meinl%28%E9%9A%86%E7%A6%8F%E5%AF%BA%E4%BA%8C%E6%9C%9F%E5%BA%97%29&src=codex.poi.visit,https://www.amap.com/search?query=Julius+Meinl%28%E9%9A%86%E7%A6%8F%E5%AF%BA%E4%BA%8C%E6%9C%9F%E5%BA%97%29
扫码/营销调研,南锣鼓巷-雍和宫-隆福寺,7,稻香村(安定门店),安德路11号(安定门地铁站A西北口步行440米),116.40618,39.951129,北京六区6,杨卉,李金芮,7603324252918089769,7603329259037280265,-,7602866957418760198,"热点商业区块,热门景点","核心商业区,休闲文旅区",正常营业,1,0,1,1589.60,266.40,0,269,blue,https://uri.amap.com/marker?position=116.406180%2C39.951129&name=%E6%89%AB%E7%A0%81%2F%E8%90%A5%E9%94%80%E8%B0%83%E7%A0%94-%E7%A8%BB%E9%A6%99%E6%9D%91%28%E5%AE%89%E5%AE%9A%E9%97%A8%E5%BA%97%29&src=codex.poi.visit,https://www.amap.com/search?query=%E7%A8%BB%E9%A6%99%E6%9D%91%28%E5%AE%89%E5%AE%9A%E9%97%A8%E5%BA%97%29
扫码/营销调研,南锣鼓巷-雍和宫-隆福寺,8,冯层层·四季风味蛋糕,交道口南大街50号,116.408772,39.938942,北京六区6,杨卉,张佳音,7611394159613577279,7611785018146326528,724792430001,6815907267955722255,"热点商业区块,热门景点","核心商业区,休闲文旅区",正常营业,1,1,1,1075.20,488.60,14,342,blue,https://uri.amap.com/marker?position=116.408772%2C39.938942&name=%E6%89%AB%E7%A0%81%2F%E8%90%A5%E9%94%80%E8%B0%83%E7%A0%94-%E5%86%AF%E5%B1%82%E5%B1%82%C2%B7%E5%9B%9B%E5%AD%A3%E9%A3%8E%E5%91%B3%E8%9B%8B%E7%B3%95&src=codex.poi.visit,https://www.amap.com/search?query=%E5%86%AF%E5%B1%82%E5%B1%82%C2%B7%E5%9B%9B%E5%AD%A3%E9%A3%8E%E5%91%B3%E8%9B%8B%E7%B3%95
新开问题调研,南锣鼓巷-雍和宫-隆福寺,1,沃杯饮品店,景山街道魏家社区老年人协会西10米,116.416074,39.92985,北京六区3,吴权,李守家,-,-,-,7626988660328302644,"热门景点,热点商业区块","休闲文旅区,核心商业区",正常营业,0/空,0,0,0.00,0.00,0,0,orange,https://uri.amap.com/marker?position=116.416074%2C39.929850&name=%E6%96%B0%E5%BC%80%E9%97%AE%E9%A2%98%E8%B0%83%E7%A0%94-%E6%B2%83%E6%9D%AF%E9%A5%AE%E5%93%81%E5%BA%97&src=codex.poi.visit,https://www.amap.com/search?query=%E6%B2%83%E6%9D%AF%E9%A5%AE%E5%93%81%E5%BA%97
新开问题调研,南锣鼓巷-雍和宫-隆福寺,2,御见食养家(北京市东城区人民政府店),清新路口21—23号,116.4163,39.92836,北京六区3,吴权,李守家,-,-,-,7629195750124619814,"热门景点,热点商业区块","休闲文旅区,核心商业区",正常营业,0/空,0,0,0.00,0.00,0,0,orange,https://uri.amap.com/marker?position=116.416300%2C39.928360&name=%E6%96%B0%E5%BC%80%E9%97%AE%E9%A2%98%E8%B0%83%E7%A0%94-%E5%BE%A1%E8%A7%81%E9%A3%9F%E5%85%BB%E5%AE%B6%28%E5%8C%97%E4%BA%AC%E5%B8%82%E4%B8%9C%E5%9F%8E%E5%8C%BA%E4%BA%BA%E6%B0%91%E6%94%BF%E5%BA%9C%E5%BA%97%29&src=codex.poi.visit,https://www.amap.com/search?query=%E5%BE%A1%E8%A7%81%E9%A3%9F%E5%85%BB%E5%AE%B6%28%E5%8C%97%E4%BA%AC%E5%B8%82%E4%B8%9C%E5%9F%8E%E5%8C%BA%E4%BA%BA%E6%B0%91%E6%94%BF%E5%BA%9C%E5%BA%97%29
新开问题调研,南锣鼓巷-雍和宫-隆福寺,3,吉事果(隆福寺街店),隆福寺街41号底商，东宫影剧院东侧20米,116.415414,39.925135,北京六区3,吴权,李守家,-,-,-,7626257613184993343,-,-,正常营业,0/空,0,0,0.00,0.00,0,11,orange,https://uri.amap.com/marker?position=116.415414%2C39.925135&name=%E6%96%B0%E5%BC%80%E9%97%AE%E9%A2%98%E8%B0%83%E7%A0%94-%E5%90%89%E4%BA%8B%E6%9E%9C%28%E9%9A%86%E7%A6%8F%E5%AF%BA%E8%A1%97%E5%BA%97%29&src=codex.poi.visit,https://www.amap.com/search?query=%E5%90%89%E4%BA%8B%E6%9E%9C%28%E9%9A%86%E7%A6%8F%E5%AF%BA%E8%A1%97%E5%BA%97%29
新开问题调研,南锣鼓巷-雍和宫-隆福寺,4,全聚德稻香村,烟袋斜街与大石碑胡同交叉口往西60米,116.394716,39.939125,北京五区5,张嘉玉,李鹏鹏,-,-,-,7627167050187671579,-,-,正常营业,0/空,0,0,0.00,0.00,0,8,orange,https://uri.amap.com/marker?position=116.394716%2C39.939125&name=%E6%96%B0%E5%BC%80%E9%97%AE%E9%A2%98%E8%B0%83%E7%A0%94-%E5%85%A8%E8%81%9A%E5%BE%B7%E7%A8%BB%E9%A6%99%E6%9D%91&src=codex.poi.visit,https://www.amap.com/search?query=%E5%85%A8%E8%81%9A%E5%BE%B7%E7%A8%BB%E9%A6%99%E6%9D%91
新开问题调研,南锣鼓巷-雍和宫-隆福寺,5,太阳花蛋挞,地安门西大街49号,116.391275,39.936597,北京五区5,张嘉玉,李鹏鹏,-,-,-,7627335256294557732,-,-,正常营业,0/空,0,0,0.00,0.00,0,0,orange,https://uri.amap.com/marker?position=116.391275%2C39.936597&name=%E6%96%B0%E5%BC%80%E9%97%AE%E9%A2%98%E8%B0%83%E7%A0%94-%E5%A4%AA%E9%98%B3%E8%8A%B1%E8%9B%8B%E6%8C%9E&src=codex.poi.visit,https://www.amap.com/search?query=%E5%A4%AA%E9%98%B3%E8%8A%B1%E8%9B%8B%E6%8C%9E
动销问题调研,南锣鼓巷-雍和宫-隆福寺,1,西萨蛋糕,北门仓胡同北门仓6号楼17号,116.427965,39.934279,北京六区6,杨卉,张佳音,7117620357732763689,7290494012769798178,-,6601154968843978759,热点商业区块,核心商业区,正常营业,1,1,0,0.00,0.00,12,16,red,https://uri.amap.com/marker?position=116.427965%2C39.934279&name=%E5%8A%A8%E9%94%80%E9%97%AE%E9%A2%98%E8%B0%83%E7%A0%94-%E8%A5%BF%E8%90%A8%E8%9B%8B%E7%B3%95&src=codex.poi.visit,https://www.amap.com/search?query=%E8%A5%BF%E8%90%A8%E8%9B%8B%E7%B3%95
动销问题调研,南锣鼓巷-雍和宫-隆福寺,2,舆观咖啡.You Viewpoint Cafe,灯市口演乐胡同93号,116.418636,39.920595,北京六区3,吴权,刘蕙冰,7307255367447087130,7381759540376750089,-,7363476348100151350,-,-,正常营业,1,1,0,0.00,0.00,8,9,red,https://uri.amap.com/marker?position=116.418636%2C39.920595&name=%E5%8A%A8%E9%94%80%E9%97%AE%E9%A2%98%E8%B0%83%E7%A0%94-%E8%88%86%E8%A7%82%E5%92%96%E5%95%A1.You+Viewpoint+Cafe&src=codex.poi.visit,https://www.amap.com/search?query=%E8%88%86%E8%A7%82%E5%92%96%E5%95%A1.You+Viewpoint+Cafe
动销问题调研,南锣鼓巷-雍和宫-隆福寺,3,蓝咖啡LANCOFFEE(东直门店),东直门街道东直门外大街42号一层101-02室,116.437493,39.940399,北京四区5,马凯,张玉清,7407306044528920603,7407833375362271271,-,6987589393800235021,热点商业区块,核心商业区,正常营业,1,1,0,0.00,0.00,7,14,red,https://uri.amap.com/marker?position=116.437493%2C39.940399&name=%E5%8A%A8%E9%94%80%E9%97%AE%E9%A2%98%E8%B0%83%E7%A0%94-%E8%93%9D%E5%92%96%E5%95%A1LANCOFFEE%28%E4%B8%9C%E7%9B%B4%E9%97%A8%E5%BA%97%29&src=codex.poi.visit,https://www.amap.com/search?query=%E8%93%9D%E5%92%96%E5%95%A1LANCOFFEE%28%E4%B8%9C%E7%9B%B4%E9%97%A8%E5%BA%97%29
动销问题调研,南锣鼓巷-雍和宫-隆福寺,4,TJE STUDIO(服装咖啡集合店),隆福寺6号院1号楼一层EL1-04,116.415904,39.924561,北京六区3,吴权,李守家,7550959072159008806,7550966294393227306,-,7532790495852890127,热点商业区块,核心商业区,正常营业,1,1,0,0.00,0.00,6,8,red,https://uri.amap.com/marker?position=116.415904%2C39.924561&name=%E5%8A%A8%E9%94%80%E9%97%AE%E9%A2%98%E8%B0%83%E7%A0%94-TJE+STUDIO%28%E6%9C%8D%E8%A3%85%E5%92%96%E5%95%A1%E9%9B%86%E5%90%88%E5%BA%97%29&src=codex.poi.visit,https://www.amap.com/search?query=TJE+STUDIO%28%E6%9C%8D%E8%A3%85%E5%92%96%E5%95%A1%E9%9B%86%E5%90%88%E5%BA%97%29
动销问题调研,南锣鼓巷-雍和宫-隆福寺,5,福京熹奶酪,地安门外大街甲17号(什刹海地铁站A2西北口步行160米),116.395914,39.939558,北京五区5,张嘉玉,李鹏鹏,7576153265230940195,7578355006282221568,-,7458516838532515890,"热门景点,便民服务","休闲文旅区,社区生活区",正常营业,1,1,0,0.00,0.00,4,24,red,https://uri.amap.com/marker?position=116.395914%2C39.939558&name=%E5%8A%A8%E9%94%80%E9%97%AE%E9%A2%98%E8%B0%83%E7%A0%94-%E7%A6%8F%E4%BA%AC%E7%86%B9%E5%A5%B6%E9%85%AA&src=codex.poi.visit,https://www.amap.com/search?query=%E7%A6%8F%E4%BA%AC%E7%86%B9%E5%A5%B6%E9%85%AA
扫码/营销调研,王府井-前门-西单,1,馥夏FRUSHA法式半糖蛋糕(北京首店),东方广场1层AA56a-1店铺(近商场东门),116.417068,39.909554,北京六区3,吴权,"荆炳贺, 高玉",7610643736768317478,7611019759199275008,-,7572817120963250227,热点商业区块,核心商业区,正常营业,1,1,1,5147.40,2982.80,9,273,blue,https://uri.amap.com/marker?position=116.417068%2C39.909554&name=%E6%89%AB%E7%A0%81%2F%E8%90%A5%E9%94%80%E8%B0%83%E7%A0%94-%E9%A6%A5%E5%A4%8FFRUSHA%E6%B3%95%E5%BC%8F%E5%8D%8A%E7%B3%96%E8%9B%8B%E7%B3%95%28%E5%8C%97%E4%BA%AC%E9%A6%96%E5%BA%97%29&src=codex.poi.visit,https://www.amap.com/search?query=%E9%A6%A5%E5%A4%8FFRUSHA%E6%B3%95%E5%BC%8F%E5%8D%8A%E7%B3%96%E8%9B%8B%E7%B3%95%28%E5%8C%97%E4%BA%AC%E9%A6%96%E5%BA%97%29
扫码/营销调研,王府井-前门-西单,2,山野丘丘,天坛街道珠市口东大街6号1层底商6-4号,116.411482,39.892508,北京二区4,张育岩,"张瑷麟, 王文朵",7540557041908205620,7540558984940357683,-,7483757930324428850,热点商业区块,核心商业区,正常营业,1,1,1,4544.88,848.79,31,124,blue,https://uri.amap.com/marker?position=116.411482%2C39.892508&name=%E6%89%AB%E7%A0%81%2F%E8%90%A5%E9%94%80%E8%B0%83%E7%A0%94-%E5%B1%B1%E9%87%8E%E4%B8%98%E4%B8%98&src=codex.poi.visit,https://www.amap.com/search?query=%E5%B1%B1%E9%87%8E%E4%B8%98%E4%B8%98
扫码/营销调研,王府井-前门-西单,3,Salud欧洲冻酸奶(北京西单大悦城),西单北大街131号7F-D29号商铺,116.372838,39.910539,北京五区1,刘琦,闫晓钰,7018752408637573134,7318239415422273576,7441138135646832640,7318254768051210280,热点商业区块,核心商业区,正常营业,1,1,1,2291.34,517.00,15,143,blue,https://uri.amap.com/marker?position=116.372838%2C39.910539&name=%E6%89%AB%E7%A0%81%2F%E8%90%A5%E9%94%80%E8%B0%83%E7%A0%94-Salud%E6%AC%A7%E6%B4%B2%E5%86%BB%E9%85%B8%E5%A5%B6%28%E5%8C%97%E4%BA%AC%E8%A5%BF%E5%8D%95%E5%A4%A7%E6%82%A6%E5%9F%8E%29&src=codex.poi.visit,https://www.amap.com/search?query=Salud%E6%AC%A7%E6%B4%B2%E5%86%BB%E9%85%B8%E5%A5%B6%28%E5%8C%97%E4%BA%AC%E8%A5%BF%E5%8D%95%E5%A4%A7%E6%82%A6%E5%9F%8E%29
扫码/营销调研,王府井-前门-西单,4,COOPS自然醒(银泰in88购物中心店),王府井大街88号王府井银泰in88B1层,116.411923,39.91584,北京六区3,吴权,叶傲霜,7562546047101257738,7597705801687468072,7588512408277174313,7284110830457587753,热点商业区块,核心商业区,正常营业,1,1,1,997.10,439.10,4,71,blue,https://uri.amap.com/marker?position=116.411923%2C39.915840&name=%E6%89%AB%E7%A0%81%2F%E8%90%A5%E9%94%80%E8%B0%83%E7%A0%94-COOPS%E8%87%AA%E7%84%B6%E9%86%92%28%E9%93%B6%E6%B3%B0in88%E8%B4%AD%E7%89%A9%E4%B8%AD%E5%BF%83%E5%BA%97%29&src=codex.poi.visit,https://www.amap.com/search?query=COOPS%E8%87%AA%E7%84%B6%E9%86%92%28%E9%93%B6%E6%B3%B0in88%E8%B4%AD%E7%89%A9%E4%B8%AD%E5%BF%83%E5%BA%97%29
扫码/营销调研,王府井-前门-西单,5,露娜·LUNA面包烘焙,烂缦胡同南口130号,116.372368,39.883426,北京二区1,钱耿依隆,隋明浩,7579479997602154550,7587305206963046435,-,7562460297345108002,热点商业区块,核心商业区,正常营业,1,1,1,994.60,336.19,10,1228,blue,https://uri.amap.com/marker?position=116.372368%2C39.883426&name=%E6%89%AB%E7%A0%81%2F%E8%90%A5%E9%94%80%E8%B0%83%E7%A0%94-%E9%9C%B2%E5%A8%9C%C2%B7LUNA%E9%9D%A2%E5%8C%85%E7%83%98%E7%84%99&src=codex.poi.visit,https://www.amap.com/search?query=%E9%9C%B2%E5%A8%9C%C2%B7LUNA%E9%9D%A2%E5%8C%85%E7%83%98%E7%84%99
扫码/营销调研,王府井-前门-西单,6,全意·Whole heart烘培(中信城店),菜市口大街甲2号院3号楼1层101（中信沁园底商）,116.37479,39.885332,北京二区1,钱耿依隆,"李清彬, 王欣燕",7182777447132170295,7569160778272884763,-,7386585397746206732,热点商业区块,核心商业区,正常营业,1,1,1,765.00,540.00,5,34,blue,https://uri.amap.com/marker?position=116.374790%2C39.885332&name=%E6%89%AB%E7%A0%81%2F%E8%90%A5%E9%94%80%E8%B0%83%E7%A0%94-%E5%85%A8%E6%84%8F%C2%B7Whole+heart%E7%83%98%E5%9F%B9%28%E4%B8%AD%E4%BF%A1%E5%9F%8E%E5%BA%97%29&src=codex.poi.visit,https://www.amap.com/search?query=%E5%85%A8%E6%84%8F%C2%B7Whole+heart%E7%83%98%E5%9F%B9%28%E4%B8%AD%E4%BF%A1%E5%9F%8E%E5%BA%97%29
扫码/营销调研,王府井-前门-西单,7,稻香村(百货大楼店),东华门街道北京市百货大楼255号地下一层,116.410203,39.914049,北京六区3,吴权,"荆炳贺, 高玉",7440019098580338703,7572586036199442484,-,7553143789070583835,"热门景点,热点商业区块","休闲文旅区,核心商业区",正常营业,1,1,1,19239.93,51.60,5,2985,blue,https://uri.amap.com/marker?position=116.410203%2C39.914049&name=%E6%89%AB%E7%A0%81%2F%E8%90%A5%E9%94%80%E8%B0%83%E7%A0%94-%E7%A8%BB%E9%A6%99%E6%9D%91%28%E7%99%BE%E8%B4%A7%E5%A4%A7%E6%A5%BC%E5%BA%97%29&src=codex.poi.visit,https://www.amap.com/search?query=%E7%A8%BB%E9%A6%99%E6%9D%91%28%E7%99%BE%E8%B4%A7%E5%A4%A7%E6%A5%BC%E5%BA%97%29
扫码/营销调研,王府井-前门-西单,8,炉彼烘焙工坊Luppie Bakery(崇文门合景魔方商场店),崇文门外大街1号北京合景·摩方购物中心B1,116.417661,39.899661,北京二区4,张育岩,白鑫宇,7618128519058573322,7618473861385914406,7618157754683541546,7481932779282761754,"商业街/步行街&集市,热门景点","核心商业区,休闲文旅区",正常营业,1,1,1,2846.40,0.00,4,286,blue,https://uri.amap.com/marker?position=116.417661%2C39.899661&name=%E6%89%AB%E7%A0%81%2F%E8%90%A5%E9%94%80%E8%B0%83%E7%A0%94-%E7%82%89%E5%BD%BC%E7%83%98%E7%84%99%E5%B7%A5%E5%9D%8ALuppie+Bakery%28%E5%B4%87%E6%96%87%E9%97%A8%E5%90%88%E6%99%AF%E9%AD%94%E6%96%B9%E5%95%86%E5%9C%BA%E5%BA%97%29&src=codex.poi.visit,https://www.amap.com/search?query=%E7%82%89%E5%BD%BC%E7%83%98%E7%84%99%E5%B7%A5%E5%9D%8ALuppie+Bakery%28%E5%B4%87%E6%96%87%E9%97%A8%E5%90%88%E6%99%AF%E9%AD%94%E6%96%B9%E5%95%86%E5%9C%BA%E5%BA%97%29
新开问题调研,王府井-前门-西单,1,稻香村糕点,大栅栏西街110号,116.3965,39.89594,北京二区1,钱耿依隆,李清彬,-,-,-,7630428046503348262,-,-,正常营业,0/空,0,0,0.00,0.00,0,0,orange,https://uri.amap.com/marker?position=116.396500%2C39.895940&name=%E6%96%B0%E5%BC%80%E9%97%AE%E9%A2%98%E8%B0%83%E7%A0%94-%E7%A8%BB%E9%A6%99%E6%9D%91%E7%B3%95%E7%82%B9&src=codex.poi.visit,https://www.amap.com/search?query=%E7%A8%BB%E9%A6%99%E6%9D%91%E7%B3%95%E7%82%B9
新开问题调研,王府井-前门-西单,2,现榨果汁,小江胡同1号,116.398099,39.896303,北京二区4,张育岩,"张瑷麟, 王文朵",-,-,-,7625510975622940712,-,-,正常营业,0/空,0,0,0.00,0.00,0,0,orange,https://uri.amap.com/marker?position=116.398099%2C39.896303&name=%E6%96%B0%E5%BC%80%E9%97%AE%E9%A2%98%E8%B0%83%E7%A0%94-%E7%8E%B0%E6%A6%A8%E6%9E%9C%E6%B1%81&src=codex.poi.visit,https://www.amap.com/search?query=%E7%8E%B0%E6%A6%A8%E6%9E%9C%E6%B1%81
新开问题调研,王府井-前门-西单,3,糯叽叽麻糍铺,前门步行街6号,116.398399,39.895275,北京二区4,张育岩,"张瑷麟, 王文朵",-,-,-,7621870381850167332,"商业街/步行街&集市,热门景点","核心商业区,休闲文旅区",正常营业,0/空,0,0,0.00,0.00,0,40,orange,https://uri.amap.com/marker?position=116.398399%2C39.895275&name=%E6%96%B0%E5%BC%80%E9%97%AE%E9%A2%98%E8%B0%83%E7%A0%94-%E7%B3%AF%E5%8F%BD%E5%8F%BD%E9%BA%BB%E7%B3%8D%E9%93%BA&src=codex.poi.visit,https://www.amap.com/search?query=%E7%B3%AF%E5%8F%BD%E5%8F%BD%E9%BA%BB%E7%B3%8D%E9%93%BA
新开问题调研,王府井-前门-西单,4,北冰洋北平制冰厂饮品,永定门内大街1号(天坛西门),116.398473,39.880723,北京二区1,钱耿依隆,"李桐, 张博辉",-,-,-,7625566348034361390,-,-,正常营业,0/空,0,0,0.00,0.00,0,7,orange,https://uri.amap.com/marker?position=116.398473%2C39.880723&name=%E6%96%B0%E5%BC%80%E9%97%AE%E9%A2%98%E8%B0%83%E7%A0%94-%E5%8C%97%E5%86%B0%E6%B4%8B%E5%8C%97%E5%B9%B3%E5%88%B6%E5%86%B0%E5%8E%82%E9%A5%AE%E5%93%81&src=codex.poi.visit,https://www.amap.com/search?query=%E5%8C%97%E5%86%B0%E6%B4%8B%E5%8C%97%E5%B9%B3%E5%88%B6%E5%86%B0%E5%8E%82%E9%A5%AE%E5%93%81
新开问题调研,王府井-前门-西单,5,椰不二(北京东城国瑞店),崇文门外大街18号,116.419746,39.898707,北京二区4,张育岩,张瑷麟,-,-,-,7629265742470318089,"热点商业区块,跨城交通--火车站/高铁站","核心商业区,交通枢纽区",正常营业,0/空,0,0,0.00,0.00,0,6,orange,https://uri.amap.com/marker?position=116.419746%2C39.898707&name=%E6%96%B0%E5%BC%80%E9%97%AE%E9%A2%98%E8%B0%83%E7%A0%94-%E6%A4%B0%E4%B8%8D%E4%BA%8C%28%E5%8C%97%E4%BA%AC%E4%B8%9C%E5%9F%8E%E5%9B%BD%E7%91%9E%E5%BA%97%29&src=codex.poi.visit,https://www.amap.com/search?query=%E6%A4%B0%E4%B8%8D%E4%BA%8C%28%E5%8C%97%E4%BA%AC%E4%B8%9C%E5%9F%8E%E5%9B%BD%E7%91%9E%E5%BA%97%29
动销问题调研,王府井-前门-西单,1,复古空间·茶·咖啡·花,崇文门外街道五老胡同北口兴隆都市馨园1号楼B20室,116.415285,39.896443,北京二区4,张育岩,白鑫宇,7089299713597376553,7123876108927731719,-,6601198863388805124,热点商业区块,核心商业区,正常营业,1,1,0,0.00,0.00,22,64,red,https://uri.amap.com/marker?position=116.415285%2C39.896443&name=%E5%8A%A8%E9%94%80%E9%97%AE%E9%A2%98%E8%B0%83%E7%A0%94-%E5%A4%8D%E5%8F%A4%E7%A9%BA%E9%97%B4%C2%B7%E8%8C%B6%C2%B7%E5%92%96%E5%95%A1%C2%B7%E8%8A%B1&src=codex.poi.visit,https://www.amap.com/search?query=%E5%A4%8D%E5%8F%A4%E7%A9%BA%E9%97%B4%C2%B7%E8%8C%B6%C2%B7%E5%92%96%E5%95%A1%C2%B7%E8%8A%B1
动销问题调研,王府井-前门-西单,2,暖拾茶饮,南横西街31号3号房,116.372702,39.883467,北京二区1,钱耿依隆,隋明浩,7441855290472925220,7582416087518660634,-,7442184970543564815,-,-,正常营业,1,1,0,0.00,0.00,14,11,red,https://uri.amap.com/marker?position=116.372702%2C39.883467&name=%E5%8A%A8%E9%94%80%E9%97%AE%E9%A2%98%E8%B0%83%E7%A0%94-%E6%9A%96%E6%8B%BE%E8%8C%B6%E9%A5%AE&src=codex.poi.visit,https://www.amap.com/search?query=%E6%9A%96%E6%8B%BE%E8%8C%B6%E9%A5%AE
动销问题调研,王府井-前门-西单,3,财院儿(北京四合院店),樱桃斜街66号,116.386773,39.892688,北京二区1,钱耿依隆,李清彬,7581719385606342666,7581750585125406774,-,7580935946938353698,热点商业区块,核心商业区,正常营业,1,1,0,0.00,0.00,11,130,red,https://uri.amap.com/marker?position=116.386773%2C39.892688&name=%E5%8A%A8%E9%94%80%E9%97%AE%E9%A2%98%E8%B0%83%E7%A0%94-%E8%B4%A2%E9%99%A2%E5%84%BF%28%E5%8C%97%E4%BA%AC%E5%9B%9B%E5%90%88%E9%99%A2%E5%BA%97%29&src=codex.poi.visit,https://www.amap.com/search?query=%E8%B4%A2%E9%99%A2%E5%84%BF%28%E5%8C%97%E4%BA%AC%E5%9B%9B%E5%90%88%E9%99%A2%E5%BA%97%29
动销问题调研,王府井-前门-西单,4,5cake五度无蔗糖蛋糕(陶然亭店),陶然亭路12号京都瑞成大厦1层,116.377368,39.878437,北京二区1,钱耿依隆,"李桐, 张博辉",7006640667674576903,7388368766251354112,51324,6601170898235951107,热门景点,休闲文旅区,正常营业,1,1,0,0.00,0.00,10,208,red,https://uri.amap.com/marker?position=116.377368%2C39.878437&name=%E5%8A%A8%E9%94%80%E9%97%AE%E9%A2%98%E8%B0%83%E7%A0%94-5cake%E4%BA%94%E5%BA%A6%E6%97%A0%E8%94%97%E7%B3%96%E8%9B%8B%E7%B3%95%28%E9%99%B6%E7%84%B6%E4%BA%AD%E5%BA%97%29&src=codex.poi.visit,https://www.amap.com/search?query=5cake%E4%BA%94%E5%BA%A6%E6%97%A0%E8%94%97%E7%B3%96%E8%9B%8B%E7%B3%95%28%E9%99%B6%E7%84%B6%E4%BA%AD%E5%BA%97%29
动销问题调研,王府井-前门-西单,5,咔咖咖啡(天安天地大厦店),西绒线胡同28号楼1层109,116.375801,39.903584,北京五区1,刘琦,闫晓钰,7579136230064801830,7579912045785729070,-,6601139217634428936,热点商业区块,核心商业区,正常营业,1,1,0,0.00,0.00,6,12,red,https://uri.amap.com/marker?position=116.375801%2C39.903584&name=%E5%8A%A8%E9%94%80%E9%97%AE%E9%A2%98%E8%B0%83%E7%A0%94-%E5%92%94%E5%92%96%E5%92%96%E5%95%A1%28%E5%A4%A9%E5%AE%89%E5%A4%A9%E5%9C%B0%E5%A4%A7%E5%8E%A6%E5%BA%97%29&src=codex.poi.visit,https://www.amap.com/search?query=%E5%92%94%E5%92%96%E5%92%96%E5%95%A1%28%E5%A4%A9%E5%AE%89%E5%A4%A9%E5%9C%B0%E5%A4%A7%E5%8E%A6%E5%BA%97%29
扫码/营销调研,三里屯-朝阳公园-蓝色港湾,1,Ran's然·生甜甜圈(三里屯店),工体北路4号院81号楼1层,116.456653,39.932312,北京四区5,马凯,"徐新惠, 胡子妍",7552780645521836084,7552791934759127040,7540973014115256320,7532793819075446825,热门景点,休闲文旅区,正常营业,1,1,1,5545.40,1608.60,13,1484,blue,https://uri.amap.com/marker?position=116.456653%2C39.932312&name=%E6%89%AB%E7%A0%81%2F%E8%90%A5%E9%94%80%E8%B0%83%E7%A0%94-Ran%27s%E7%84%B6%C2%B7%E7%94%9F%E7%94%9C%E7%94%9C%E5%9C%88%28%E4%B8%89%E9%87%8C%E5%B1%AF%E5%BA%97%29&src=codex.poi.visit,https://www.amap.com/search?query=Ran%27s%E7%84%B6%C2%B7%E7%94%9F%E7%94%9C%E7%94%9C%E5%9C%88%28%E4%B8%89%E9%87%8C%E5%B1%AF%E5%BA%97%29
扫码/营销调研,三里屯-朝阳公园-蓝色港湾,2,coops自然醒戚风专门(三里屯机电院店),工人体育场北路4号81号楼一层110室（三里屯4号院内）,116.456612,39.932395,北京四区5,马凯,"徐新惠, 胡子妍",7562546047101257738,7598105829841160211,7588512408277174313,6601139209925298183,"传统娱乐场所,综合商场&日用商超","休闲文旅区,核心商业区",正常营业,1,1,1,3559.00,2249.00,9,299,blue,https://uri.amap.com/marker?position=116.456612%2C39.932395&name=%E6%89%AB%E7%A0%81%2F%E8%90%A5%E9%94%80%E8%B0%83%E7%A0%94-coops%E8%87%AA%E7%84%B6%E9%86%92%E6%88%9A%E9%A3%8E%E4%B8%93%E9%97%A8%28%E4%B8%89%E9%87%8C%E5%B1%AF%E6%9C%BA%E7%94%B5%E9%99%A2%E5%BA%97%29&src=codex.poi.visit,https://www.amap.com/search?query=coops%E8%87%AA%E7%84%B6%E9%86%92%E6%88%9A%E9%A3%8E%E4%B8%93%E9%97%A8%28%E4%B8%89%E9%87%8C%E5%B1%AF%E6%9C%BA%E7%94%B5%E9%99%A2%E5%BA%97%29
扫码/营销调研,三里屯-朝阳公园-蓝色港湾,3,知知岛书店(北京姚家园万象汇店),平房地区青年北路35号院1号楼1层L104A号,116.51588,39.94142,北京四区6,刘圳,花宇,7540194904019224622,7540196198926387227,-,7521483294416832547,综合商场&日用商超商业街/步行街&集市,核心商业区核心商业区,正常营业,1,1,1,2637.40,1997.80,9,77,blue,https://uri.amap.com/marker?position=116.515880%2C39.941420&name=%E6%89%AB%E7%A0%81%2F%E8%90%A5%E9%94%80%E8%B0%83%E7%A0%94-%E7%9F%A5%E7%9F%A5%E5%B2%9B%E4%B9%A6%E5%BA%97%28%E5%8C%97%E4%BA%AC%E5%A7%9A%E5%AE%B6%E5%9B%AD%E4%B8%87%E8%B1%A1%E6%B1%87%E5%BA%97%29&src=codex.poi.visit,https://www.amap.com/search?query=%E7%9F%A5%E7%9F%A5%E5%B2%9B%E4%B9%A6%E5%BA%97%28%E5%8C%97%E4%BA%AC%E5%A7%9A%E5%AE%B6%E5%9B%AD%E4%B8%87%E8%B1%A1%E6%B1%87%E5%BA%97%29
扫码/营销调研,三里屯-朝阳公园-蓝色港湾,4,with coffee,将府南街1号院16号楼16层2单元1601等【107】套内1层16-2内04,116.506801,39.966448,北京四区6,刘圳,和少云,7628483063520987186,7628502100561168403,-,7587665246110615558,便民服务,社区生活区,正常营业,1,1,1,1205.80,1185.90,5,30,blue,https://uri.amap.com/marker?position=116.506801%2C39.966448&name=%E6%89%AB%E7%A0%81%2F%E8%90%A5%E9%94%80%E8%B0%83%E7%A0%94-with+coffee&src=codex.poi.visit,https://www.amap.com/search?query=with+coffee
扫码/营销调研,三里屯-朝阳公园-蓝色港湾,5,小山小兽,朝阳公园艺术馆停车场西北120米,116.485122,39.947042,北京四区7,张贵宁,马京超,7615521249729316864,7615527256764532772,-,7615210478227113984,热门景点,休闲文旅区,正常营业,1,1,1,494.30,225.30,5,27,blue,https://uri.amap.com/marker?position=116.485122%2C39.947042&name=%E6%89%AB%E7%A0%81%2F%E8%90%A5%E9%94%80%E8%B0%83%E7%A0%94-%E5%B0%8F%E5%B1%B1%E5%B0%8F%E5%85%BD&src=codex.poi.visit,https://www.amap.com/search?query=%E5%B0%8F%E5%B1%B1%E5%B0%8F%E5%85%BD
扫码/营销调研,三里屯-朝阳公园-蓝色港湾,6,奇多市北京面包节,朝阳公园南路1号,116.48263,39.944151,北京四区7,张贵宁,马京超,7545009033099364362,7545052903002998819,-,7484204741896734720,热门景点,休闲文旅区,尚未开业,1,0,1,389311.90,38.00,0,72541,blue,https://uri.amap.com/marker?position=116.482630%2C39.944151&name=%E6%89%AB%E7%A0%81%2F%E8%90%A5%E9%94%80%E8%B0%83%E7%A0%94-%E5%A5%87%E5%A4%9A%E5%B8%82%E5%8C%97%E4%BA%AC%E9%9D%A2%E5%8C%85%E8%8A%82&src=codex.poi.visit,https://www.amap.com/search?query=%E5%A5%87%E5%A4%9A%E5%B8%82%E5%8C%97%E4%BA%AC%E9%9D%A2%E5%8C%85%E8%8A%82
扫码/营销调研,三里屯-朝阳公园-蓝色港湾,7,京糕玉草鸡蛋蛋糕,石佛营路与晨光东路交叉口东南80米,116.502377,39.923957,北京四区6,刘圳,孙新禹,7488359914591488026,7490638795507828777,-,7488549235475646500,热点商业区块,核心商业区,正常营业,1,1,1,3457.77,0.00,5,511,blue,https://uri.amap.com/marker?position=116.502377%2C39.923957&name=%E6%89%AB%E7%A0%81%2F%E8%90%A5%E9%94%80%E8%B0%83%E7%A0%94-%E4%BA%AC%E7%B3%95%E7%8E%89%E8%8D%89%E9%B8%A1%E8%9B%8B%E8%9B%8B%E7%B3%95&src=codex.poi.visit,https://www.amap.com/search?query=%E4%BA%AC%E7%B3%95%E7%8E%89%E8%8D%89%E9%B8%A1%E8%9B%8B%E8%9B%8B%E7%B3%95
扫码/营销调研,三里屯-朝阳公园-蓝色港湾,8,Salud欧洲冻酸奶(蓝色港湾店),麦子店街道公园路6号蓝色港湾国际商区地下一层A019(皮爷咖啡对面),116.475083,39.948707,北京四区7,张贵宁,魏俊,7018752408637573134,7135291654990202915,7441138135646832640,6601216583681443843,综合商场&日用商超,核心商业区,暂停营业,1,1,1,2011.43,0.00,20,145,blue,https://uri.amap.com/marker?position=116.475083%2C39.948707&name=%E6%89%AB%E7%A0%81%2F%E8%90%A5%E9%94%80%E8%B0%83%E7%A0%94-Salud%E6%AC%A7%E6%B4%B2%E5%86%BB%E9%85%B8%E5%A5%B6%28%E8%93%9D%E8%89%B2%E6%B8%AF%E6%B9%BE%E5%BA%97%29&src=codex.poi.visit,https://www.amap.com/search?query=Salud%E6%AC%A7%E6%B4%B2%E5%86%BB%E9%85%B8%E5%A5%B6%28%E8%93%9D%E8%89%B2%E6%B8%AF%E6%B9%BE%E5%BA%97%29
新开问题调研,三里屯-朝阳公园-蓝色港湾,1,瑞幸咖啡(骏豪中央公园广场A7店),公园南路10号院骏豪中央公园广场A7座负一层B152号,116.477943,39.932168,北京四区5,马凯,张倩,-,-,-,7631112634741295158,-,-,正常营业,0/空,0,0,0.00,0.00,0,0,orange,https://uri.amap.com/marker?position=116.477943%2C39.932168&name=%E6%96%B0%E5%BC%80%E9%97%AE%E9%A2%98%E8%B0%83%E7%A0%94-%E7%91%9E%E5%B9%B8%E5%92%96%E5%95%A1%28%E9%AA%8F%E8%B1%AA%E4%B8%AD%E5%A4%AE%E5%85%AC%E5%9B%AD%E5%B9%BF%E5%9C%BAA7%E5%BA%97%29&src=codex.poi.visit,https://www.amap.com/search?query=%E7%91%9E%E5%B9%B8%E5%92%96%E5%95%A1%28%E9%AA%8F%E8%B1%AA%E4%B8%AD%E5%A4%AE%E5%85%AC%E5%9B%AD%E5%B9%BF%E5%9C%BAA7%E5%BA%97%29
新开问题调研,三里屯-朝阳公园-蓝色港湾,2,Coffee Bar,亮马桥路52号燕莎友谊商城4层,116.463232,39.948622,北京四区7,张贵宁,汪兆浩,-,-,-,7629995583293704192,-,-,正常营业,0/空,0,0,0.00,0.00,0,0,orange,https://uri.amap.com/marker?position=116.463232%2C39.948622&name=%E6%96%B0%E5%BC%80%E9%97%AE%E9%A2%98%E8%B0%83%E7%A0%94-Coffee+Bar&src=codex.poi.visit,https://www.amap.com/search?query=Coffee+Bar
新开问题调研,三里屯-朝阳公园-蓝色港湾,3,来杯GrabOne Coffee,青年路国美第一城2号院6号楼,116.513325,39.93451,北京四区6,刘圳,王帅,-,-,-,7627290367205607433,-,-,正常营业,0/空,0,0,0.00,0.00,0,0,orange,https://uri.amap.com/marker?position=116.513325%2C39.934510&name=%E6%96%B0%E5%BC%80%E9%97%AE%E9%A2%98%E8%B0%83%E7%A0%94-%E6%9D%A5%E6%9D%AFGrabOne+Coffee&src=codex.poi.visit,https://www.amap.com/search?query=%E6%9D%A5%E6%9D%AFGrabOne+Coffee
新开问题调研,三里屯-朝阳公园-蓝色港湾,4,KOFFICE,呼家楼街道东三环中路1号环球金融中心东楼2楼201室,116.491673,39.922528,北京四区8,马凯,张嘉芮,-,-,-,7626385180042725427,-,-,正常营业,0/空,0,0,0.00,0.00,0,1,orange,https://uri.amap.com/marker?position=116.491673%2C39.922528&name=%E6%96%B0%E5%BC%80%E9%97%AE%E9%A2%98%E8%B0%83%E7%A0%94-KOFFICE&src=codex.poi.visit,https://www.amap.com/search?query=KOFFICE
新开问题调研,三里屯-朝阳公园-蓝色港湾,5,星潮咖XINGCHAOKA,米座大厦1层,116.486409,39.921489,北京四区8,马凯,张思盈,-,-,-,7623764101797251113,-,-,正常营业,0/空,0,0,0.00,0.00,0,0,orange,https://uri.amap.com/marker?position=116.486409%2C39.921489&name=%E6%96%B0%E5%BC%80%E9%97%AE%E9%A2%98%E8%B0%83%E7%A0%94-%E6%98%9F%E6%BD%AE%E5%92%96XINGCHAOKA&src=codex.poi.visit,https://www.amap.com/search?query=%E6%98%9F%E6%BD%AE%E5%92%96XINGCHAOKA
动销问题调研,三里屯-朝阳公园-蓝色港湾,1,沁甜网红小食甜饮,十里堡北区18号院1号楼1层101室102号（近东门）,116.50435,39.929648,北京四区6,刘圳,孙新禹,7547590120782743593,7548034946464581686,-,7533193021803005990,热点商业区块,核心商业区,正常营业,1,1,0,0.00,0.00,11,3,red,https://uri.amap.com/marker?position=116.504350%2C39.929648&name=%E5%8A%A8%E9%94%80%E9%97%AE%E9%A2%98%E8%B0%83%E7%A0%94-%E6%B2%81%E7%94%9C%E7%BD%91%E7%BA%A2%E5%B0%8F%E9%A3%9F%E7%94%9C%E9%A5%AE&src=codex.poi.visit,https://www.amap.com/search?query=%E6%B2%81%E7%94%9C%E7%BD%91%E7%BA%A2%E5%B0%8F%E9%A3%9F%E7%94%9C%E9%A5%AE
动销问题调研,三里屯-朝阳公园-蓝色港湾,2,Lefty Coffee,东四环北路6号-2区-1号楼-1层-c-49号,116.481507,39.96633,北京四区7,张贵宁,马京超,7574332970371188786,7574339089630365732,-,7219624350083713084,"热点商业区块,商业街/步行街&集市","核心商业区,核心商业区",正常营业,1,1,0,0.00,0.00,8,14,red,https://uri.amap.com/marker?position=116.481507%2C39.966330&name=%E5%8A%A8%E9%94%80%E9%97%AE%E9%A2%98%E8%B0%83%E7%A0%94-Lefty+Coffee&src=codex.poi.visit,https://www.amap.com/search?query=Lefty+Coffee
动销问题调研,三里屯-朝阳公园-蓝色港湾,3,Hana Crepes可丽饼,团结湖东里3-5号中里16号101,116.468546,39.929245,北京四区5,马凯,"杨朝雁, 武爽",7475950854093146148,7476002413728532520,-,7433656298955671606,热门景点,休闲文旅区,正常营业,1,1,0,0.00,0.00,7,8,red,https://uri.amap.com/marker?position=116.468546%2C39.929245&name=%E5%8A%A8%E9%94%80%E9%97%AE%E9%A2%98%E8%B0%83%E7%A0%94-Hana+Crepes%E5%8F%AF%E4%B8%BD%E9%A5%BC&src=codex.poi.visit,https://www.amap.com/search?query=Hana+Crepes%E5%8F%AF%E4%B8%BD%E9%A5%BC
动销问题调研,三里屯-朝阳公园-蓝色港湾,4,飞鸟制茶,三里屯路33号33大厦B1层B1006,116.454773,39.93684,北京四区5,马凯,"孙福宇, 杨朝雁",7323822889801615371,7600711872924485683,-,6601251738777290759,热点商业区块,核心商业区,正常营业,1,1,0,0.00,0.00,6,12,red,https://uri.amap.com/marker?position=116.454773%2C39.936840&name=%E5%8A%A8%E9%94%80%E9%97%AE%E9%A2%98%E8%B0%83%E7%A0%94-%E9%A3%9E%E9%B8%9F%E5%88%B6%E8%8C%B6&src=codex.poi.visit,https://www.amap.com/search?query=%E9%A3%9E%E9%B8%9F%E5%88%B6%E8%8C%B6
动销问题调研,三里屯-朝阳公园-蓝色港湾,5,Emperor Coffee,东三环北路8号亮马河大厦F1层,116.464508,39.945522,北京四区7,张贵宁,汪兆浩,7398089960550582322,7430846881971865651,-,7398089218674657331,传统娱乐场所,休闲文旅区,正常营业,1,1,0,0.00,0.00,3,2,red,https://uri.amap.com/marker?position=116.464508%2C39.945522&name=%E5%8A%A8%E9%94%80%E9%97%AE%E9%A2%98%E8%B0%83%E7%A0%94-Emperor+Coffee&src=codex.poi.visit,https://www.amap.com/search?query=Emperor+Coffee
扫码/营销调研,通州万达-北运河-玉桥,1,李饱饱甜品(通州万达店),北苑街道新华西街128号通州万达广场西门金街B区,116.641409,39.904659,北京三区6,李础伊,王润泽,7613664776832518186,7613647140628039732,-,7602955234084423732,综合商场&日用商超商业街/步行街&集市,核心商业区核心商业区,正常营业,1,1,1,73426.90,15610.88,13,6430,blue,https://uri.amap.com/marker?position=116.641409%2C39.904659&name=%E6%89%AB%E7%A0%81%2F%E8%90%A5%E9%94%80%E8%B0%83%E7%A0%94-%E6%9D%8E%E9%A5%B1%E9%A5%B1%E7%94%9C%E5%93%81%28%E9%80%9A%E5%B7%9E%E4%B8%87%E8%BE%BE%E5%BA%97%29&src=codex.poi.visit,https://www.amap.com/search?query=%E6%9D%8E%E9%A5%B1%E9%A5%B1%E7%94%9C%E5%93%81%28%E9%80%9A%E5%B7%9E%E4%B8%87%E8%BE%BE%E5%BA%97%29
扫码/营销调研,通州万达-北运河-玉桥,2,青野先生的花园,滨河北路与东关三街交叉口,116.682533,39.907588,北京三区1,郝伍彩,王文浩,7594404166051645486,7594416673155762195,-,7535723966397155362,综合商场&日用商超商业街/步行街&集市,核心商业区核心商业区,正常营业,1,1,1,2624.00,1374.00,4,144,blue,https://uri.amap.com/marker?position=116.682533%2C39.907588&name=%E6%89%AB%E7%A0%81%2F%E8%90%A5%E9%94%80%E8%B0%83%E7%A0%94-%E9%9D%92%E9%87%8E%E5%85%88%E7%94%9F%E7%9A%84%E8%8A%B1%E5%9B%AD&src=codex.poi.visit,https://www.amap.com/search?query=%E9%9D%92%E9%87%8E%E5%85%88%E7%94%9F%E7%9A%84%E8%8A%B1%E5%9B%AD
扫码/营销调研,通州万达-北运河-玉桥,3,牧岚花语(北京通州万达店),新华大街58号万达广场F1,116.641937,39.905534,北京三区6,李础伊,王润泽,7549094440401455131,7549098113521289216,-,7536006628210903075,综合商场&日用商超商业街/步行街&集市,核心商业区核心商业区,正常营业,1,1,1,2334.00,1259.90,4,70,blue,https://uri.amap.com/marker?position=116.641937%2C39.905534&name=%E6%89%AB%E7%A0%81%2F%E8%90%A5%E9%94%80%E8%B0%83%E7%A0%94-%E7%89%A7%E5%B2%9A%E8%8A%B1%E8%AF%AD%28%E5%8C%97%E4%BA%AC%E9%80%9A%E5%B7%9E%E4%B8%87%E8%BE%BE%E5%BA%97%29&src=codex.poi.visit,https://www.amap.com/search?query=%E7%89%A7%E5%B2%9A%E8%8A%B1%E8%AF%AD%28%E5%8C%97%E4%BA%AC%E9%80%9A%E5%B7%9E%E4%B8%87%E8%BE%BE%E5%BA%97%29
扫码/营销调研,通州万达-北运河-玉桥,4,大顺斋非遗工坊005,北杨洼小区13号楼1层,116.671481,39.887699,北京三区1,郝伍彩,王昊,7614772576062720019,7614774167400990726,-,7608801067947083776,综合商场&日用商超热门景点,核心商业区休闲文旅区,正常营业,1,0,1,2001.30,857.00,0,752,blue,https://uri.amap.com/marker?position=116.671481%2C39.887699&name=%E6%89%AB%E7%A0%81%2F%E8%90%A5%E9%94%80%E8%B0%83%E7%A0%94-%E5%A4%A7%E9%A1%BA%E6%96%8B%E9%9D%9E%E9%81%97%E5%B7%A5%E5%9D%8A005&src=codex.poi.visit,https://www.amap.com/search?query=%E5%A4%A7%E9%A1%BA%E6%96%8B%E9%9D%9E%E9%81%97%E5%B7%A5%E5%9D%8A005
扫码/营销调研,通州万达-北运河-玉桥,5,亿利草鸡蛋糕(万达金街店),新华西街58号院5号楼1层119,116.642097,39.904716,北京三区6,李础伊,王润泽,7488979553403078697,7488981457608673306,-,7488906252794202147,综合商场&日用商超商业街/步行街&集市,核心商业区核心商业区,正常营业,1,1,1,8826.44,55.20,9,908,blue,https://uri.amap.com/marker?position=116.642097%2C39.904716&name=%E6%89%AB%E7%A0%81%2F%E8%90%A5%E9%94%80%E8%B0%83%E7%A0%94-%E4%BA%BF%E5%88%A9%E8%8D%89%E9%B8%A1%E8%9B%8B%E7%B3%95%28%E4%B8%87%E8%BE%BE%E9%87%91%E8%A1%97%E5%BA%97%29&src=codex.poi.visit,https://www.amap.com/search?query=%E4%BA%BF%E5%88%A9%E8%8D%89%E9%B8%A1%E8%9B%8B%E7%B3%95%28%E4%B8%87%E8%BE%BE%E9%87%91%E8%A1%97%E5%BA%97%29
扫码/营销调研,通州万达-北运河-玉桥,6,缘又甜,新华大街58号万达广场F1,116.639963,39.905304,北京三区6,李础伊,王润泽,7601898104643782690,7602556291906619398,-,7596557157613439012,综合商场&日用商超商业街/步行街&集市,核心商业区核心商业区,正常营业,1,1,1,1356.00,0.00,7,223,blue,https://uri.amap.com/marker?position=116.639963%2C39.905304&name=%E6%89%AB%E7%A0%81%2F%E8%90%A5%E9%94%80%E8%B0%83%E7%A0%94-%E7%BC%98%E5%8F%88%E7%94%9C&src=codex.poi.visit,https://www.amap.com/search?query=%E7%BC%98%E5%8F%88%E7%94%9C
扫码/营销调研,通州万达-北运河-玉桥,7,向日葵冷批,通州乔庄商业街向日葵冷批99号,116.685537,39.895844,北京三区1,郝伍彩,郭炳晨,7618084728444504073,7618114247520602154,-,7605248281043535881,综合商场&日用商超商业街/步行街&集市,核心商业区核心商业区,正常营业,1,1,1,826.40,0.00,48,163,blue,https://uri.amap.com/marker?position=116.685537%2C39.895844&name=%E6%89%AB%E7%A0%81%2F%E8%90%A5%E9%94%80%E8%B0%83%E7%A0%94-%E5%90%91%E6%97%A5%E8%91%B5%E5%86%B7%E6%89%B9&src=codex.poi.visit,https://www.amap.com/search?query=%E5%90%91%E6%97%A5%E8%91%B5%E5%86%B7%E6%89%B9
扫码/营销调研,通州万达-北运河-玉桥,8,DOUBLE ME-手工乳品,新华街道新华东街289号院1号院1号楼爱琴海店,116.658697,39.908755,北京三区6,李础伊,穆为民,7579804271906998324,7579829318444976166,7579319251928942607,7536069916915419176,热点商业区块,核心商业区,正常营业,1,1,1,432.10,0.00,10,49,blue,https://uri.amap.com/marker?position=116.658697%2C39.908755&name=%E6%89%AB%E7%A0%81%2F%E8%90%A5%E9%94%80%E8%B0%83%E7%A0%94-DOUBLE+ME-%E6%89%8B%E5%B7%A5%E4%B9%B3%E5%93%81&src=codex.poi.visit,https://www.amap.com/search?query=DOUBLE+ME-%E6%89%8B%E5%B7%A5%E4%B9%B3%E5%93%81
新开问题调研,通州万达-北运河-玉桥,1,蜜雪冰城(物资学院路店),物资学院路09号一层至二层,116.639146,39.925014,北京三区6,李础伊,陶俊,-,-,-,7632567179908483112,-,-,正常营业,0/空,0,0,0.00,0.00,0,0,orange,https://uri.amap.com/marker?position=116.639146%2C39.925014&name=%E6%96%B0%E5%BC%80%E9%97%AE%E9%A2%98%E8%B0%83%E7%A0%94-%E8%9C%9C%E9%9B%AA%E5%86%B0%E5%9F%8E%28%E7%89%A9%E8%B5%84%E5%AD%A6%E9%99%A2%E8%B7%AF%E5%BA%97%29&src=codex.poi.visit,https://www.amap.com/search?query=%E8%9C%9C%E9%9B%AA%E5%86%B0%E5%9F%8E%28%E7%89%A9%E8%B5%84%E5%AD%A6%E9%99%A2%E8%B7%AF%E5%BA%97%29
新开问题调研,通州万达-北运河-玉桥,2,初夏麻糍铺,九棵树街道云景东路5-6号,116.666506,39.882928,北京三区1,郝伍彩,刘杨,-,-,-,7630666962267277339,-,-,正常营业,0/空,0,0,0.00,0.00,0,8,orange,https://uri.amap.com/marker?position=116.666506%2C39.882928&name=%E6%96%B0%E5%BC%80%E9%97%AE%E9%A2%98%E8%B0%83%E7%A0%94-%E5%88%9D%E5%A4%8F%E9%BA%BB%E7%B3%8D%E9%93%BA&src=codex.poi.visit,https://www.amap.com/search?query=%E5%88%9D%E5%A4%8F%E9%BA%BB%E7%B3%8D%E9%93%BA
新开问题调研,通州万达-北运河-玉桥,3,水果捞捞捞,芙蓉西路月亮河足球公园路边,116.677298,39.918019,北京三区6,李础伊,秦凤阳,-,-,-,7629646794900637711,-,-,正常营业,0/空,0,0,0.00,0.00,0,0,orange,https://uri.amap.com/marker?position=116.677298%2C39.918019&name=%E6%96%B0%E5%BC%80%E9%97%AE%E9%A2%98%E8%B0%83%E7%A0%94-%E6%B0%B4%E6%9E%9C%E6%8D%9E%E6%8D%9E%E6%8D%9E&src=codex.poi.visit,https://www.amap.com/search?query=%E6%B0%B4%E6%9E%9C%E6%8D%9E%E6%8D%9E%E6%8D%9E
新开问题调研,通州万达-北运河-玉桥,4,花式自助冰粉,芙蓉西路月亮河足球公园路边,116.677309,39.918104,北京三区6,李础伊,秦凤阳,-,-,-,7629651469294716947,-,-,正常营业,0/空,0,0,0.00,0.00,0,0,orange,https://uri.amap.com/marker?position=116.677309%2C39.918104&name=%E6%96%B0%E5%BC%80%E9%97%AE%E9%A2%98%E8%B0%83%E7%A0%94-%E8%8A%B1%E5%BC%8F%E8%87%AA%E5%8A%A9%E5%86%B0%E7%B2%89&src=codex.poi.visit,https://www.amap.com/search?query=%E8%8A%B1%E5%BC%8F%E8%87%AA%E5%8A%A9%E5%86%B0%E7%B2%89
新开问题调研,通州万达-北运河-玉桥,5,蜜雪冰城(管庄地铁口店),双桥东路杨闸路口西侧平房02室,116.600414,39.908421,北京三区7,李赫,左名扬,-,-,-,7624925278334109715,-,-,正常营业,0/空,0,0,0.00,0.00,0,8,orange,https://uri.amap.com/marker?position=116.600414%2C39.908421&name=%E6%96%B0%E5%BC%80%E9%97%AE%E9%A2%98%E8%B0%83%E7%A0%94-%E8%9C%9C%E9%9B%AA%E5%86%B0%E5%9F%8E%28%E7%AE%A1%E5%BA%84%E5%9C%B0%E9%93%81%E5%8F%A3%E5%BA%97%29&src=codex.poi.visit,https://www.amap.com/search?query=%E8%9C%9C%E9%9B%AA%E5%86%B0%E5%9F%8E%28%E7%AE%A1%E5%BA%84%E5%9C%B0%E9%93%81%E5%8F%A3%E5%BA%97%29
动销问题调研,通州万达-北运河-玉桥,1,爆十三新中式茶饮(北京·通州阳光新生活广场店),翠景北里1号楼(阳光新生活广场)3层商业301-L316B、L317B、L318、L366,116.656639,39.889742,北京三区1,郝伍彩,刘杨,7517584668804253715,7517589668683122688,-,7516357546853845007,综合商场&日用商超热门景点,核心商业区休闲文旅区,正常营业,1,1,0,0.00,0.00,22,8,red,https://uri.amap.com/marker?position=116.656639%2C39.889742&name=%E5%8A%A8%E9%94%80%E9%97%AE%E9%A2%98%E8%B0%83%E7%A0%94-%E7%88%86%E5%8D%81%E4%B8%89%E6%96%B0%E4%B8%AD%E5%BC%8F%E8%8C%B6%E9%A5%AE%28%E5%8C%97%E4%BA%AC%C2%B7%E9%80%9A%E5%B7%9E%E9%98%B3%E5%85%89%E6%96%B0%E7%94%9F%E6%B4%BB%E5%B9%BF%E5%9C%BA%E5%BA%97%29&src=codex.poi.visit,https://www.amap.com/search?query=%E7%88%86%E5%8D%81%E4%B8%89%E6%96%B0%E4%B8%AD%E5%BC%8F%E8%8C%B6%E9%A5%AE%28%E5%8C%97%E4%BA%AC%C2%B7%E9%80%9A%E5%B7%9E%E9%98%B3%E5%85%89%E6%96%B0%E7%94%9F%E6%B4%BB%E5%B9%BF%E5%9C%BA%E5%BA%97%29
动销问题调研,通州万达-北运河-玉桥,2,喜芙来低糖低脂蛋糕(通州店),永顺镇新潞苑南大街甲560号新潞运河文创园B8-1号,116.670823,39.926062,北京四区2,王子含,丘杰辉,7538338688086968360,7538363282525833235,7537540976395470857,6947801531047479304,热点商业区块,核心商业区,正常营业,1,1,0,0.00,0.00,16,119,red,https://uri.amap.com/marker?position=116.670823%2C39.926062&name=%E5%8A%A8%E9%94%80%E9%97%AE%E9%A2%98%E8%B0%83%E7%A0%94-%E5%96%9C%E8%8A%99%E6%9D%A5%E4%BD%8E%E7%B3%96%E4%BD%8E%E8%84%82%E8%9B%8B%E7%B3%95%28%E9%80%9A%E5%B7%9E%E5%BA%97%29&src=codex.poi.visit,https://www.amap.com/search?query=%E5%96%9C%E8%8A%99%E6%9D%A5%E4%BD%8E%E7%B3%96%E4%BD%8E%E8%84%82%E8%9B%8B%E7%B3%95%28%E9%80%9A%E5%B7%9E%E5%BA%97%29
动销问题调研,通州万达-北运河-玉桥,3,甜小惠·提拉米苏低糖动奶·手工现做,云景东里18号楼1层3-7,116.667444,39.880935,北京三区1,郝伍彩,周奇,7412820561874651172,7425982953756428300,-,7379421105167009846,综合商场&日用商超热门景点,核心商业区休闲文旅区,正常营业,1,1,0,0.00,0.00,13,4,red,https://uri.amap.com/marker?position=116.667444%2C39.880935&name=%E5%8A%A8%E9%94%80%E9%97%AE%E9%A2%98%E8%B0%83%E7%A0%94-%E7%94%9C%E5%B0%8F%E6%83%A0%C2%B7%E6%8F%90%E6%8B%89%E7%B1%B3%E8%8B%8F%E4%BD%8E%E7%B3%96%E5%8A%A8%E5%A5%B6%C2%B7%E6%89%8B%E5%B7%A5%E7%8E%B0%E5%81%9A&src=codex.poi.visit,https://www.amap.com/search?query=%E7%94%9C%E5%B0%8F%E6%83%A0%C2%B7%E6%8F%90%E6%8B%89%E7%B1%B3%E8%8B%8F%E4%BD%8E%E7%B3%96%E5%8A%A8%E5%A5%B6%C2%B7%E6%89%8B%E5%B7%A5%E7%8E%B0%E5%81%9A
动销问题调研,通州万达-北运河-玉桥,4,奶香铺子(果园大街店),北苑街道果园大街19号果园东区,116.654625,39.893772,北京三区1,郝伍彩,张秀,7209942336518752313,7540856350197303337,60730,7539866027253843968,综合商场&日用商超商业街/步行街&集市,核心商业区核心商业区,正常营业,1,1,0,0.00,0.00,9,9,red,https://uri.amap.com/marker?position=116.654625%2C39.893772&name=%E5%8A%A8%E9%94%80%E9%97%AE%E9%A2%98%E8%B0%83%E7%A0%94-%E5%A5%B6%E9%A6%99%E9%93%BA%E5%AD%90%28%E6%9E%9C%E5%9B%AD%E5%A4%A7%E8%A1%97%E5%BA%97%29&src=codex.poi.visit,https://www.amap.com/search?query=%E5%A5%B6%E9%A6%99%E9%93%BA%E5%AD%90%28%E6%9E%9C%E5%9B%AD%E5%A4%A7%E8%A1%97%E5%BA%97%29
动销问题调研,通州万达-北运河-玉桥,5,执壶本草堂,杨庄街道怡乐园二区,116.636501,39.886236,北京三区8,闻常德,张云龙,7615514012771534883,7615517353987803142,-,7594660147654297627,综合商场&日用商超商业街/步行街&集市,核心商业区核心商业区,正常营业,1,1,0,0.00,0.00,8,14,red,https://uri.amap.com/marker?position=116.636501%2C39.886236&name=%E5%8A%A8%E9%94%80%E9%97%AE%E9%A2%98%E8%B0%83%E7%A0%94-%E6%89%A7%E5%A3%B6%E6%9C%AC%E8%8D%89%E5%A0%82&src=codex.poi.visit,https://www.amap.com/search?query=%E6%89%A7%E5%A3%B6%E6%9C%AC%E8%8D%89%E5%A0%82
